{
  "stock": {
    "wall": {
      "mean": 0.3010196,
      "stdev": 0.021908051711642458
    },
    "pos": {
      "mean": 8838.065,
      "stdev": 514.95407454209
    },
    "dense": {
      "mean": 1.57,
      "stdev": 0.0
    },
    "real": {
      "mean": 0.318,
      "stdev": 0.02280350850198276
    },
    "user": {
      "mean": 0.25,
      "stdev": 0.010000000000000009
    },
    "sys": {
      "mean": 0.3,
      "stdev": 0.014142135623730963
    },
    "cpu": {
      "mean": 0.55,
      "stdev": 0.02345207879911717
    },
    "rss": {
      "mean": 16.11875,
      "stdev": 0.08671523078444755
    },
    "all_match": true
  },
  "kestrel_default": {
    "wall": {
      "mean": 0.3112392,
      "stdev": 0.04996566498806955
    },
    "pos": {
      "mean": 8701.512,
      "stdev": 859.2748715348599
    },
    "dense": {
      "mean": 1.44,
      "stdev": 0.0
    },
    "real": {
      "mean": 0.328,
      "stdev": 0.05215361924162119
    },
    "user": {
      "mean": 0.254,
      "stdev": 0.02190890230020664
    },
    "sys": {
      "mean": 0.304,
      "stdev": 0.02792848008753787
    },
    "cpu": {
      "mean": 0.558,
      "stdev": 0.049699094559156665
    },
    "rss": {
      "mean": 16.171875,
      "stdev": 0.09631896879639025
    },
    "all_match": true
  },
  "kestrel_embed_off": {
    "wall": {
      "mean": 0.28646900000000003,
      "stdev": 0.009147940123328315
    },
    "pos": {
      "mean": 9178.6975,
      "stdev": 243.05812796273693
    },
    "dense": {
      "mean": 1.57,
      "stdev": 0.0
    },
    "real": {
      "mean": 0.306,
      "stdev": 0.008944271909999166
    },
    "user": {
      "mean": 0.244,
      "stdev": 0.005477225575051666
    },
    "sys": {
      "mean": 0.292,
      "stdev": 0.008366600265340743
    },
    "cpu": {
      "mean": 0.536,
      "stdev": 0.01341640786499875
    },
    "rss": {
      "mean": 16.190625,
      "stdev": 0.08370684522486796
    },
    "all_match": true
  }
}